pclass,sex,age,sibsp,parch,fare,embarked,family_size,is_alone,Actual_Survival,Predicted_Survival,Survival_Probability
3,male,24.0,2,0,24.15,S,3,0,0,0,0.12267946651499985
3,male,44.0,0,1,16.1,S,2,0,0,0,0.12260650534581749
3,male,22.0,0,0,7.225,C,1,1,1,0,0.12493812327492078
3,male,41.0,2,0,14.1083,S,3,0,0,0,0.08261322674388184
3,female,,1,0,15.5,Q,2,0,1,1,0.6304428905459114
3,female,36.0,1,0,17.4,S,2,0,1,0,0.3905112243900448
2,female,36.0,0,0,13.0,S,1,1,1,1,0.9158356790480638
1,male,45.0,0,0,26.55,S,1,1,0,1,0.5264949147857714
1,male,49.0,1,1,110.8833,C,3,0,0,1,0.5018212580034493
2,male,34.0,1,0,26.0,S,2,0,0,0,0.1183978190787775
3,male,,0,0,7.75,Q,1,1,0,0,0.15818792046385222
3,male,16.0,2,0,18.0,S,3,0,0,0,0.14618917719844485
3,female,27.0,0,0,7.925,S,1,1,1,0,0.3623038737748001
2,male,31.0,1,1,37.0042,C,3,0,0,0,0.2752383597304975
1,male,19.0,3,2,263.0,S,6,0,0,0,0.37970009402362337
3,male,25.0,0,0,7.7417,Q,1,1,0,0,0.09790514389702029
3,female,,3,1,25.4667,S,5,0,0,0,0.08673300707229277
3,male,,0,0,8.05,S,1,1,0,0,0.09488016226054967
3,male,17.0,0,0,7.125,S,1,1,0,0,0.09503601202254189
2,female,34.0,0,0,13.0,S,1,1,1,1,0.9232523457147306
3,male,,0,0,8.05,S,1,1,0,0,0.09488016226054967
2,female,25.0,1,1,30.0,S,3,0,1,1,0.8925153042387065
3,male,30.0,0,0,8.05,S,1,1,0,0,0.17209238396705423
3,female,35.0,1,1,20.25,S,3,0,1,1,0.5244791882314626
3,male,29.0,0,0,7.875,S,1,1,0,0,0.11270109964799836
1,female,24.0,0,0,69.3,C,1,1,1,1,0.9846526972332971
3,male,,0,0,7.75,Q,1,1,0,0,0.15818792046385222
1,male,48.0,1,0,52.0,S,2,0,1,0,0.36389965058216767
3,male,29.0,0,0,7.8958,C,1,1,1,0,0.09999465713079646
3,male,,0,0,14.4583,C,1,1,0,0,0.2040295931195905
3,male,34.0,0,0,8.05,S,1,1,0,0,0.16381717327036344
1,female,29.0,0,0,211.3375,S,1,1,1,1,0.9757318141213033
3,male,,1,1,15.2458,C,3,0,1,0,0.42292261553681354
3,male,25.0,0,0,7.65,S,1,1,0,0,0.06530097965994433
3,male,9.0,1,1,15.9,S,3,0,1,0,0.34864363843832863
3,male,4.0,1,1,11.1333,S,3,0,1,1,0.5833903010031084
3,male,9.0,0,2,20.525,S,3,0,1,0,0.325031788946129
3,female,16.0,5,2,46.9,S,8,0,0,0,0.26454044566544577
3,male,,0,0,7.75,Q,1,1,0,0,0.15818792046385222
2,female,18.0,0,2,13.0,S,3,0,1,1,0.9051064663089263
1,male,70.0,1,1,71.0,S,3,0,0,0,0.30710221081966527
1,female,2.0,1,2,151.55,S,4,0,0,1,0.8058925504258099
2,male,48.0,0,0,13.0,S,1,1,0,0,0.12091385052007947
2,female,17.0,0,0,10.5,S,1,1,1,1,0.8457936564275615
2,female,35.0,0,0,21.0,S,1,1,1,1,0.9249000012438953
3,male,21.0,0,0,7.925,S,1,1,0,0,0.11799080052671901
3,male,,0,0,9.5,S,1,1,0,0,0.10764565622979032
3,female,40.0,1,0,9.475,S,2,0,0,0,0.2621612900311969
3,female,0.75,2,1,19.2583,C,4,0,1,1,0.8645643703859585
2,female,30.0,0,0,12.35,Q,1,1,1,1,0.8655355806235048
1,female,33.0,0,0,86.5,S,1,1,1,1,0.9930664031293202
3,female,,0,0,8.05,S,1,1,0,0,0.3055463327751193
3,female,,0,0,7.6292,Q,1,1,0,1,0.7979567341486891
2,male,,0,0,13.0,S,1,1,1,0,0.0789228326799179
1,male,36.0,0,1,512.3292,C,2,0,1,0,0.2467034301697615
3,male,26.0,0,0,8.05,S,1,1,0,0,0.10043331748199322
3,male,,1,0,16.1,S,2,0,0,0,0.08213195159036181
1,male,35.0,0,0,26.2875,S,1,1,1,1,0.5644056266798825
3,female,21.0,0,0,7.65,S,1,1,1,1,0.6488570416444794
1,male,34.0,0,0,26.55,S,1,1,1,1,0.5123122630268814
3,female,,1,0,14.4583,C,2,0,0,0,0.4087917945589424
2,female,33.0,1,2,27.75,S,4,0,1,1,0.9174504805387662
3,male,16.0,0,0,7.775,S,1,1,0,0,0.16744995463391313
2,male,46.0,0,0,26.0,S,1,1,0,0,0.1156011091214599
1,male,31.0,1,0,57.0,S,2,0,1,0,0.4662902693208897
3,female,18.0,2,0,18.0,S,3,0,0,0,0.4988314515447436
1,female,,1,0,82.1708,C,2,0,1,1,0.9937285629029242
3,male,33.0,0,0,9.5,S,1,1,0,0,0.1794004377610582
1,male,61.0,0,0,32.3208,S,1,1,0,0,0.1907196827737315
2,male,24.0,0,0,13.0,S,1,1,0,0,0.06851690908689494
1,female,63.0,1,0,77.9583,S,2,0,1,1,0.9629834353311092
3,male,,0,0,7.225,C,1,1,0,0,0.06951895083718472
3,female,,0,2,7.75,Q,3,0,0,1,0.6638425427029633
1,female,16.0,0,0,86.5,S,1,1,1,1,0.9831916791150666
2,male,33.0,0,0,12.275,S,1,1,0,0,0.11772568722300221
3,male,40.5,0,2,14.5,S,3,0,0,0,0.13445594088521742
3,male,35.0,0,0,8.05,S,1,1,0,0,0.16117661725202181
3,male,25.0,1,0,7.775,S,2,0,0,0,0.23953178340909456
3,female,,8,2,69.55,S,11,0,0,0,0.18448346098346102
3,female,9.0,3,2,27.9,S,6,0,0,0,0.09405336003865418
3,male,1.0,5,2,46.9,S,8,0,0,0,0.34814438266411957
3,male,30.0,0,0,7.225,C,1,1,0,0,0.05523812130352483
3,male,31.0,0,0,7.75,Q,1,1,0,0,0.17094980162206583
3,male,26.0,0,0,7.775,S,1,1,0,0,0.09914752662764763
3,female,21.0,0,0,7.75,Q,1,1,0,1,0.8376522863995018
1,male,46.0,1,0,61.175,S,2,0,0,0,0.457421028869219
2,male,52.0,0,0,13.0,S,1,1,0,0,0.11260930875203405
3,female,,1,0,16.1,S,2,0,1,0,0.3969103099594902
1,male,30.0,0,0,27.75,C,1,1,0,0,0.45334028470671067
1,female,16.0,0,1,39.4,S,2,0,1,1,0.96778768517399
1,male,,0,0,35.5,S,1,1,1,0,0.18251568164719462
1,male,,0,0,35.0,S,1,1,0,0,0.18001568164719461
2,male,62.0,0,0,10.5,S,1,1,1,0,0.08090223393279602
3,male,,0,0,7.8958,S,1,1,0,0,0.06916345100925626
1,male,45.0,1,0,83.475,S,2,0,0,0,0.4838200187682088
2,female,,0,0,33.0,S,1,1,1,1,0.9371318399071146
2,female,50.0,0,0,10.5,S,1,1,1,1,0.7291044820307868
3,male,,0,0,7.75,Q,1,1,0,0,0.15818792046385222
3,male,35.0,0,0,8.05,S,1,1,0,0,0.16117661725202181
3,male,25.0,0,0,0.0,S,1,1,1,0,0.05763073919660426
1,male,62.0,0,0,26.55,S,1,1,0,0,0.2903809080010073
1,female,24.0,3,2,263.0,S,6,0,1,1,0.638782565008422
3,female,,0,0,7.7875,Q,1,1,1,1,0.8180488414938151
2,female,14.0,1,0,30.0708,C,2,0,1,1,0.9420292553129067
3,male,26.0,0,0,7.8875,S,1,1,0,0,0.07396566578661046
1,male,28.0,0,0,35.5,S,1,1,1,0,0.19698332652270925
2,male,16.0,0,0,10.5,S,1,1,0,0,0.15737586492442981
3,male,,0,0,7.8958,S,1,1,0,0,0.06916345100925626
3,male,19.0,0,0,7.8958,S,1,1,0,0,0.07904176410040253
1,male,44.0,2,0,90.0,Q,3,0,0,1,0.511858746979721
3,male,,0,0,7.75,Q,1,1,0,0,0.15818792046385222
3,male,,8,2,69.55,S,11,0,0,0,0.04743249877270496
3,male,27.0,0,0,7.7958,S,1,1,1,0,0.08890607237039616
1,male,58.0,0,2,113.275,C,3,0,0,0,0.39038690476190474
1,female,53.0,2,0,51.4792,S,3,0,1,1,0.9502952984787899
3,male,,0,0,7.75,Q,1,1,0,0,0.15818792046385222
3,male,2.0,4,1,29.125,Q,6,0,0,0,0.255211523940929
3,male,16.0,0,0,9.2167,S,1,1,0,0,0.16079998619496955
3,male,24.0,1,0,16.1,S,2,0,0,0,0.14178850186116768
1,male,62.0,0,0,26.55,S,1,1,0,0,0.2903809080010073
3,male,28.0,0,0,7.8958,S,1,1,0,0,0.06794121142999099
2,female,30.0,3,0,21.0,S,4,0,1,1,0.6915344781712304
3,male,44.0,0,0,8.05,S,1,1,0,0,0.1732476126102148
3,female,9.0,4,2,31.275,S,7,0,0,0,0.17021640859140855
3,male,18.0,0,0,7.75,S,1,1,0,0,0.10923654864070459
3,male,2.0,4,1,39.6875,S,6,0,0,0,0.27678987123779963
1,male,29.0,1,0,66.6,S,2,0,0,0,0.40074513087624736
3,female,30.0,1,1,24.15,S,3,0,0,0,0.4693502150794644
3,male,24.5,0,0,8.05,S,1,1,0,0,0.09207016728053928
1,male,27.0,0,0,30.5,S,1,1,1,0,0.4832118939677424
3,male,,0,0,56.4958,S,1,1,0,1,0.6330365323683484
3,male,28.0,0,0,7.7958,S,1,1,0,0,0.08746615592986146
3,female,,1,0,15.5,Q,2,0,1,1,0.6304428905459114
3,male,,0,0,6.8583,Q,1,1,0,0,0.05023719921648981
2,male,8.0,1,1,36.75,S,3,0,1,0,0.44500820907906663
3,male,20.0,0,0,9.5,S,1,1,0,0,0.09680144335738981
1,female,14.0,1,2,120.0,S,4,0,1,1,0.8692810891746425
3,male,,0,0,7.75,Q,1,1,0,0,0.15818792046385222
3,female,,0,0,7.75,Q,1,1,1,1,0.8240583375533111
3,male,,0,0,8.1125,S,1,1,1,0,0.09020606351860204
1,male,31.0,1,0,52.0,S,2,0,0,0,0.35547699652483855
3,male,23.5,0,0,7.2292,C,1,1,0,0,0.17029222138051242
1,male,11.0,1,2,120.0,S,4,0,1,1,0.666791780115309
1,male,37.0,1,0,53.1,S,2,0,0,1,0.511530598436219
3,male,17.0,1,1,7.2292,C,3,0,0,0,0.3376986031811009
1,male,60.0,1,1,79.2,C,3,0,1,0,0.3864194816752024
3,male,,0,0,7.8958,S,1,1,0,0,0.06916345100925626
2,male,25.0,1,0,26.0,S,2,0,0,0,0.15720098003765567
2,female,17.0,0,0,12.0,C,1,1,1,1,0.8216826720422558
2,female,19.0,0,0,26.0,S,1,1,1,1,0.9109413089933366
3,male,27.0,0,0,6.975,S,1,1,1,0,0.05530149649148149
3,male,11.0,0,0,18.7875,C,1,1,0,0,0.4472122915619215
1,female,23.0,3,2,263.0,S,6,0,1,1,0.643282565008422
3,female,14.0,1,0,11.2417,C,2,0,1,0,0.46518388525218396
1,male,55.0,0,0,30.5,S,1,1,0,0,0.37431822973047624
3,female,27.0,0,1,12.475,S,2,0,1,1,0.5730334013673704
2,male,27.0,0,0,13.0,S,1,1,0,0,0.07216192831336748
3,male,25.0,1,0,17.8,S,2,0,0,0,0.1344095336071994
2,male,25.0,1,2,41.5792,C,4,0,0,0,0.36007827760982886
1,female,58.0,0,0,26.55,S,1,1,1,1,0.8372213093824092
1,male,25.0,1,0,91.0792,C,2,0,1,0,0.47209450613537074
1,female,60.0,1,0,75.25,C,2,0,1,1,0.9759913834157448
3,female,,0,0,7.75,Q,1,1,1,1,0.8240583375533111
1,female,56.0,0,1,83.1583,C,2,0,1,1,0.9639451237783833
2,female,2.0,1,1,26.0,S,3,0,1,1,0.8589147143413
3,female,24.0,0,0,8.85,S,1,1,0,0,0.4084131719759367
3,male,30.5,0,0,8.05,S,1,1,0,0,0.20512644322668389
1,male,47.0,0,0,34.0208,S,1,1,0,0,0.21364750599931492
2,female,24.0,0,0,13.0,S,1,1,0,1,0.910228596461354
3,female,24.0,1,0,15.85,S,2,0,1,0,0.3741417660034462
3,male,42.0,0,0,8.6625,S,1,1,0,0,0.15991081390355086
3,male,,0,0,7.225,C,1,1,0,0,0.06951895083718472
1,male,,0,0,27.7208,C,1,1,0,0,0.44791685397077985
3,male,19.0,0,0,6.75,Q,1,1,0,0,0.10209629443439945
2,female,25.0,0,1,26.0,S,2,0,1,1,0.8936136370072595
3,male,20.0,0,0,7.8542,S,1,1,0,0,0.0755114113701747
2,male,28.0,0,0,10.5,S,1,1,0,0,0.06667352267687764
2,female,23.0,0,0,13.7917,C,1,1,1,1,0.8293077456992987
2,male,31.0,1,1,26.25,S,3,0,0,0,0.14313252848826266
